<?xml version="1.0" encoding="UTF-8"?>
<hack name="Bubbler">
<panel>
	<panel title="Level 1">
		<panel title="Bullet stats">
		<field type="label">
			Damage
		</field>
		<field type="text" offset="0x48f38c" size="1"/>
		
		<field  type="label">
			# of Hits
		</field>
		<field type="text" offset="0x48f38d" size="1"/>
		
		<field type="label">
			Frames to Live
		</field>
		<field type="text" offset="0x48f390"/>
		
		<field type="label"></field>
		
		<field type="label" col = "1">
			Hitbox width
		</field>
		<field type="text" offset="0x48f398"/>
		
		<field type="label">
			Hitbox height
		</field>
		<field type="text" offset="0x48f39c"/>
		
		<field type="label">
			XP to level up
		</field>
		<field type="text" offset="0x4936b4"/>
		</panel>
		
		
		<panel title="Flags">
			<field type="flags" size="1" offset="0x48f394">
				<checkbox name="0x01" value="0x01" />
				<checkbox name="0x02" value="0x02" />
				<checkbox name="Ignore solid" value="0x04" />
				<checkbox name="Don't break when hit wall" value="0x08" />
				<checkbox name="0x10" value="0x10" />
				<checkbox name="Break blocks" value ="0x20" />
				<checkbox name="Pierce blocks" value="0x40" />
				<checkbox name="0x80" value="0x80" />
			</field>
		</panel>
		

		<panel title="graphicals" col="2">
			<field type="label">Sprite offset - Left</field>
			<field type="text" offset="0x48f3a8" />
			
			<field type="label">Sprite offset - Top</field>
			<field type="text" offset="0x48f3ac" />
			
			<field type="label">Sprite Size</field>
			<field type="text" offset="0x48f3b0" />
		</panel>
	</panel>



	<panel title="Level 2">
		<panel title="Bullet stats">
		<field type="label">
			Damage
		</field>
		<field type="text" offset="0x48f3b8" size="1"/>
		
		<field  type="label">
			# of Hits
		</field>
		<field type="text" offset="0x48f3b9" size="1"/>
		
		<field type="label">
			Frames to Live
		</field>
		<field type="text" offset="0x48f3bc"/>
		
		<field type="label"></field>
		
		<field type="label" col = "1">
			Hitbox width
		</field>
		<field type="text" offset="0x48f3c4"/>
		
		<field type="label">
			Hitbox height
		</field>
		<field type="text" offset="0x48f3c8"/>
		
		<field type="label">
			XP to level up
		</field>
		<field type="text" offset="0x4936b8"/>
		</panel>
		
		
		<panel title="Flags">
			<field type="flags" size="1" offset="0x48f3c0">
				<checkbox name="0x01" value="0x01" />
				<checkbox name="0x02" value="0x02" />
				<checkbox name="Ignore solid" value="0x04" />
				<checkbox name="Don't break when hit wall" value="0x08" />
				<checkbox name="0x10" value="0x10" />
				<checkbox name="Break blocks" value ="0x20" />
				<checkbox name="Pierce blocks" value="0x40" />
				<checkbox name="0x80" value="0x80" />
			</field>
		</panel>
		

		<panel title="graphicals" col="2">
			<field type="label">Sprite offset - Left</field>
			<field type="text" offset="0x48f3d4" />
			
			<field type="label">Sprite offset - Top</field>
			<field type="text" offset="0x48f3d8" />
			
			<field type="label">Sprite Size</field>
			<field type="text" offset="0x48f3dc" />
		</panel>
	</panel>



	<panel title="Level 3">
		<panel title="Bullet stats">
		<field type="label">
			Damage
		</field>
		<field type="text" offset="0x48f3e4" size="1"/>
		
		<field  type="label">
			# of Hits
		</field>
		<field type="text" offset="0x48f3e5" size="1"/>
		
		<field type="label">
			Frames to Live
		</field>
		<field type="text" offset="0x48f3e8"/>
		
		<field type="label"></field>
		
		<field type="label" col = "1">
			Hitbox width
		</field>
		<field type="text" offset="0x48f3f0"/>
		
		<field type="label">
			Hitbox height
		</field>
		<field type="text" offset="0x48f3f4"/>
		
		<field type="label">
			XP to level up
		</field>
		<field type="text" offset="0x4936bc"/>
		</panel>
		
		
		<panel title="Flags">
			<field type="flags" size="1" offset="0x48f3ec">
				<checkbox name="0x01" value="0x01" />
				<checkbox name="0x02" value="0x02" />
				<checkbox name="Ignore solid" value="0x04" />
				<checkbox name="Don't break when hit wall" value="0x08" />
				<checkbox name="0x10" value="0x10" />
				<checkbox name="Break blocks" value ="0x20" />
				<checkbox name="Pierce blocks" value="0x40" />
				<checkbox name="0x80" value="0x80" />
			</field>
		</panel>
		

		<panel title="graphicals" col="2">
			<field type="label">Sprite offset - Left</field>
			<field type="text" offset="0x48f400" />
			
			<field type="label">Sprite offset - Top</field>
			<field type="text" offset="0x48f404" />
			
			<field type="label">Sprite Size</field>
			<field type="text" offset="0x48f408" />
		</panel>
	</panel>
</panel>
</hack>