<?xml version="1.0" encoding="UTF-8"?>
<hack name="Machine Gun">
<panel>
	<panel title="Level 1">
		<panel title="Bullet stats">
		<field type="label">
			Damage
		</field>
		<field type="text" offset="0x48f200" size="1"/>
		
		<field  type="label">
			# of Hits
		</field>
		<field type="text" offset="0x48f201" size="1"/>
		
		<field type="label">
			Frames to Live
		</field>
		<field type="text" offset="0x48f204"/>
		
		<field type="label"></field>
		
		<field type="label" col = "1">
			Hitbox width
		</field>
		<field type="text" offset="0x48f20c"/>
		
		<field type="label">
			Hitbox height
		</field>
		<field type="text" offset="0x48f210"/>
		
		<field type="label">
			XP to level up
		</field>
		<field type="text" offset="0x493690"/>
		</panel>
		
		
		<panel title="Flags">
			<field type="flags" size="1" offset="0x48f208">
				<checkbox name="0x01" value="0x01" />
				<checkbox name="0x02" value="0x02" />
				<checkbox name="Ignore solid" value="0x04" />
				<checkbox name="Don't break when hit wall" value="0x08" />
				<checkbox name="0x10" value="0x10" />
				<checkbox name="Break blocks" value ="0x20" />
				<checkbox name="Pierce blocks" value="0x40" />
				<checkbox name="0x80" value="0x80" />
			</field>
		</panel>
		

		<panel title="graphicals" col="2">
			<field type="label">Sprite offset - Left</field>
			<field type="text" offset="0x48f21c" />
			
			<field type="label">Sprite offset - Top</field>
			<field type="text" offset="0x48f220" />
			
			<field type="label">Sprite Size</field>
			<field type="text" offset="0x48f224" />
		</panel>
	</panel>



	<panel title="Level 2">
		<panel title="Bullet stats">
		<field type="label">
			Damage
		</field>
		<field type="text" offset="0x48f22c" size="1"/>
		
		<field  type="label">
			# of Hits
		</field>
		<field type="text" offset="0x48f22d" size="1"/>
		
		<field type="label">
			Frames to Live
		</field>
		<field type="text" offset="0x48f230"/>
		
		<field type="label"></field>
		
		<field type="label" col = "1">
			Hitbox width
		</field>
		<field type="text" offset="0x48f238"/>
		
		<field type="label">
			Hitbox height
		</field>
		<field type="text" offset="0x48f23c"/>
		
		<field type="label">
			XP to level up
		</field>
		<field type="text" offset="0x493694"/>
		</panel>
		
		
		<panel title="Flags">
			<field type="flags" size="1" offset="0x48f234">
				<checkbox name="0x01" value="0x01" />
				<checkbox name="0x02" value="0x02" />
				<checkbox name="Ignore solid" value="0x04" />
				<checkbox name="Don't break when hit wall" value="0x08" />
				<checkbox name="0x10" value="0x10" />
				<checkbox name="Break blocks" value ="0x20" />
				<checkbox name="Pierce blocks" value="0x40" />
				<checkbox name="0x80" value="0x80" />
			</field>
		</panel>
		

		<panel title="graphicals" col="2">
			<field type="label">Sprite offset - Left</field>
			<field type="text" offset="0x48f248" />
			
			<field type="label">Sprite offset - Top</field>
			<field type="text" offset="0x48f24c" />
			
			<field type="label">Sprite Size</field>
			<field type="text" offset="0x48f250" />
		</panel>
	</panel>



	<panel title="Level 3">
		<panel title="Bullet stats">
		<field type="label">
			Damage
		</field>
		<field type="text" offset="0x48f258" size="1"/>
		
		<field  type="label">
			# of Hits
		</field>
		<field type="text" offset="0x48f259" size="1"/>
		
		<field type="label">
			Frames to Live
		</field>
		<field type="text" offset="0x48f25c"/>
		
		<field type="label"></field>
		
		<field type="label" col = "1">
			Hitbox width
		</field>
		<field type="text" offset="0x48f264"/>
		
		<field type="label">
			Hitbox height
		</field>
		<field type="text" offset="0x48f268"/>
		
		<field type="label">
			XP to level up
		</field>
		<field type="text" offset="0x493698"/>
		</panel>
		
		
		<panel title="Flags">
			<field type="flags" size="1" offset="0x48f260">
				<checkbox name="0x01" value="0x01" />
				<checkbox name="0x02" value="0x02" />
				<checkbox name="Ignore solid" value="0x04" />
				<checkbox name="Don't break when hit wall" value="0x08" />
				<checkbox name="0x10" value="0x10" />
				<checkbox name="Break blocks" value ="0x20" />
				<checkbox name="Pierce blocks" value="0x40" />
				<checkbox name="0x80" value="0x80" />
			</field>
		</panel>
		

		<panel title="graphicals" col="2">
			<field type="label">Sprite offset - Left</field>
			<field type="text" offset="0x48f274" />
			
			<field type="label">Sprite offset - Top</field>
			<field type="text" offset="0x48f278" />
			
			<field type="label">Sprite Size</field>
			<field type="text" offset="0x48f27c" />
		</panel>
	</panel>
</panel>
</hack>