<?xml version="1.0" encoding="UTF-8"?>
<hack name="Super Missile Launcher">
<panel>
	<panel title="Level 1">
		<panel title="Bullet stats">
		<field type="label">
			Damage
		</field>
		<field type="text" offset="0x48f518" size="1"/>
		
		<field  type="label">
			# of Hits
		</field>
		<field type="text" offset="0x48f519" size="1"/>
		
		<field type="label">
			Frames to Live
		</field>
		<field type="text" offset="0x48f51c"/>
		
		<field type="label"></field>
		
		<field type="label" col = "1">
			Hitbox width
		</field>
		<field type="text" offset="0x48f524"/>
		
		<field type="label">
			Hitbox height
		</field>
		<field type="text" offset="0x48f528"/>
		
		<field type="label">
			XP to level up
		</field>
		<field type="text" offset="0x4936d8"/>
		</panel>
		
		
		<panel title="Flags">
			<field type="flags" size="1" offset="0x48f520">
				<checkbox name="0x01" value="0x01" />
				<checkbox name="0x02" value="0x02" />
				<checkbox name="Ignore solid" value="0x04" />
				<checkbox name="Don't break when hit wall" value="0x08" />
				<checkbox name="0x10" value="0x10" />
				<checkbox name="Break blocks" value ="0x20" />
				<checkbox name="Pierce blocks" value="0x40" />
				<checkbox name="0x80" value="0x80" />
			</field>
		</panel>
		

		<panel title="graphicals" col="2">
			<field type="label">Sprite offset - Left</field>
			<field type="text" offset="0x48f534" />
			
			<field type="label">Sprite offset - Top</field>
			<field type="text" offset="0x48f538" />
			
			<field type="label">Sprite Size</field>
			<field type="text" offset="0x48f53c" />
		</panel>
	</panel>



	<panel title="Level 2">
		<panel title="Bullet stats">
		<field type="label">
			Damage
		</field>
		<field type="text" offset="0x48f544" size="1"/>
		
		<field  type="label">
			# of Hits
		</field>
		<field type="text" offset="0x48f545" size="1"/>
		
		<field type="label">
			Frames to Live
		</field>
		<field type="text" offset="0x48f548"/>
		
		<field type="label"></field>
		
		<field type="label" col = "1">
			Hitbox width
		</field>
		<field type="text" offset="0x48f550"/>
		
		<field type="label">
			Hitbox height
		</field>
		<field type="text" offset="0x48f554"/>
		
		<field type="label">
			XP to level up
		</field>
		<field type="text" offset="0x4936dc"/>
		</panel>
		
		
		<panel title="Flags">
			<field type="flags" size="1" offset="0x48f54c">
				<checkbox name="0x01" value="0x01" />
				<checkbox name="0x02" value="0x02" />
				<checkbox name="Ignore solid" value="0x04" />
				<checkbox name="Don't break when hit wall" value="0x08" />
				<checkbox name="0x10" value="0x10" />
				<checkbox name="Break blocks" value ="0x20" />
				<checkbox name="Pierce blocks" value="0x40" />
				<checkbox name="0x80" value="0x80" />
			</field>
		</panel>
		

		<panel title="graphicals" col="2">
			<field type="label">Sprite offset - Left</field>
			<field type="text" offset="0x48f560" />
			
			<field type="label">Sprite offset - Top</field>
			<field type="text" offset="0x48f564" />
			
			<field type="label">Sprite Size</field>
			<field type="text" offset="0x48f568" />
		</panel>
	</panel>



	<panel title="Level 3">
		<panel title="Bullet stats">
		<field type="label">
			Damage
		</field>
		<field type="text" offset="0x48f570" size="1"/>
		
		<field  type="label">
			# of Hits
		</field>
		<field type="text" offset="0x48f571" size="1"/>
		
		<field type="label">
			Frames to Live
		</field>
		<field type="text" offset="0x48f574"/>
		
		<field type="label"></field>
		
		<field type="label" col = "1">
			Hitbox width
		</field>
		<field type="text" offset="0x48f57c"/>
		
		<field type="label">
			Hitbox height
		</field>
		<field type="text" offset="0x48f580"/>
		
		<field type="label">
			XP to level up
		</field>
		<field type="text" offset="0x4936e0"/>
		</panel>
		
		
		<panel title="Flags">
			<field type="flags" size="1" offset="0x48f578">
				<checkbox name="0x01" value="0x01" />
				<checkbox name="0x02" value="0x02" />
				<checkbox name="Ignore solid" value="0x04" />
				<checkbox name="Don't break when hit wall" value="0x08" />
				<checkbox name="0x10" value="0x10" />
				<checkbox name="Break blocks" value ="0x20" />
				<checkbox name="Pierce blocks" value="0x40" />
				<checkbox name="0x80" value="0x80" />
			</field>
		</panel>
		

		<panel title="graphicals" col="2">
			<field type="label">Sprite offset - Left</field>
			<field type="text" offset="0x48f58c" />
			
			<field type="label">Sprite offset - Top</field>
			<field type="text" offset="0x48f590" />
			
			<field type="label">Sprite Size</field>
			<field type="text" offset="0x48f594" />
		</panel>
	</panel>
</panel>
</hack>