<?xml version="1.0" encoding="UTF-8"?>
<hack name="Super Missles">
<panel>
	<panel title="Level 1">
		<panel title="Bullet stats">
		<field type="label">
			Damage
		</field>
		<field type="text" offset="0x48f59c" size="1"/>
		
		<field  type="label">
			# of Hits
		</field>
		<field type="text" offset="0x48f59d" size="1"/>
		
		<field type="label">
			Frames to Live
		</field>
		<field type="text" offset="0x48f5a0"/>
		
		<field type="label"></field>
		
		<field type="label" col = "1">
			Hitbox width
		</field>
		<field type="text" offset="0x48f5a8"/>
		
		<field type="label">
			Hitbox height
		</field>
		<field type="text" offset="0x48f5ac"/>
		
		<field type="label">
			XP to level up
		</field>
		<field type="text" offset="0x4936e4"/>
		</panel>
		
		
		<panel title="Flags">
			<field type="flags" size="1" offset="0x48f5a4">
				<checkbox name="0x01" value="0x01" />
				<checkbox name="0x02" value="0x02" />
				<checkbox name="Ignore solid" value="0x04" />
				<checkbox name="Don't break when hit wall" value="0x08" />
				<checkbox name="0x10" value="0x10" />
				<checkbox name="Break blocks" value ="0x20" />
				<checkbox name="Pierce blocks" value="0x40" />
				<checkbox name="0x80" value="0x80" />
			</field>
		</panel>
		

		<panel title="graphicals" col="2">
			<field type="label">Sprite offset - Left</field>
			<field type="text" offset="0x48f5b8" />
			
			<field type="label">Sprite offset - Top</field>
			<field type="text" offset="0x48f5bc" />
			
			<field type="label">Sprite Size</field>
			<field type="text" offset="0x48f5c0" />
		</panel>
	</panel>



	<panel title="Level 2">
		<panel title="Bullet stats">
		<field type="label">
			Damage
		</field>
		<field type="text" offset="0x48f5c8" size="1"/>
		
		<field  type="label">
			# of Hits
		</field>
		<field type="text" offset="0x48f5c9" size="1"/>
		
		<field type="label">
			Frames to Live
		</field>
		<field type="text" offset="0x48f5cc"/>
		
		<field type="label"></field>
		
		<field type="label" col = "1">
			Hitbox width
		</field>
		<field type="text" offset="0x48f5d4"/>
		
		<field type="label">
			Hitbox height
		</field>
		<field type="text" offset="0x48f5d8"/>
		
		<field type="label">
			XP to level up
		</field>
		<field type="text" offset="0x4936e8"/>
		</panel>
		
		
		<panel title="Flags">
			<field type="flags" size="1" offset="0x48f5d0">
				<checkbox name="0x01" value="0x01" />
				<checkbox name="0x02" value="0x02" />
				<checkbox name="Ignore solid" value="0x04" />
				<checkbox name="Don't break when hit wall" value="0x08" />
				<checkbox name="0x10" value="0x10" />
				<checkbox name="Break blocks" value ="0x20" />
				<checkbox name="Pierce blocks" value="0x40" />
				<checkbox name="0x80" value="0x80" />
			</field>
		</panel>
		

		<panel title="graphicals" col="2">
			<field type="label">Sprite offset - Left</field>
			<field type="text" offset="0x48f5e4" />
			
			<field type="label">Sprite offset - Top</field>
			<field type="text" offset="0x48f5e8" />
			
			<field type="label">Sprite Size</field>
			<field type="text" offset="0x48f5ec" />
		</panel>
	</panel>



	<panel title="Level 3">
		<panel title="Bullet stats">
		<field type="label">
			Damage
		</field>
		<field type="text" offset="0x48f5f4" size="1"/>
		
		<field  type="label">
			# of Hits
		</field>
		<field type="text" offset="0x48f5f5" size="1"/>
		
		<field type="label">
			Frames to Live
		</field>
		<field type="text" offset="0x48f5f8"/>
		
		<field type="label"></field>
		
		<field type="label" col = "1">
			Hitbox width
		</field>
		<field type="text" offset="0x48f600"/>
		
		<field type="label">
			Hitbox height
		</field>
		<field type="text" offset="0x48f604"/>
		
		<field type="label">
			XP to level up
		</field>
		<field type="text" offset="0x4936ec"/>
		</panel>
		
		
		<panel title="Flags">
			<field type="flags" size="1" offset="0x48f5fc">
				<checkbox name="0x01" value="0x01" />
				<checkbox name="0x02" value="0x02" />
				<checkbox name="Ignore solid" value="0x04" />
				<checkbox name="Don't break when hit wall" value="0x08" />
				<checkbox name="0x10" value="0x10" />
				<checkbox name="Break blocks" value ="0x20" />
				<checkbox name="Pierce blocks" value="0x40" />
				<checkbox name="0x80" value="0x80" />
			</field>
		</panel>
		

		<panel title="graphicals" col="2">
			<field type="label">Sprite offset - Left</field>
			<field type="text" offset="0x48f610" />
			
			<field type="label">Sprite offset - Top</field>
			<field type="text" offset="0x48f614" />
			
			<field type="label">Sprite Size</field>
			<field type="text" offset="0x48f618" />
		</panel>
	</panel>
</panel>
</hack>